Ugal Luque,Jose Maria > JoseMaria.Ugal9@
Deschamps,Frederic > Frederic.Deschamps5@
del Campo RodrÃ­guez,Manel > Manel.Campo7@
Ugal Luque,Jose Maria > JoseMaria.Ugal6@
de Cid Campeador, Alfredo > Alfredo.Cid2@
Ugal Luque,Jose Maria > JoseMaria.Ugal5@
l' artisÃ³til Rodriguez, David > David.artisotil3@
Ugal Luque,Jose Maria > JoseMaria.Ugal2@
el Quevedo Oscuro, Kim > Kim.Quevedo1@
Ugal Luque,Jose Maria > JoseMaria.Ugal4@
Ugal Luque,Jose Maria > JoseMaria.Ugal3@
la Castilla Aguirre, Martina > Martina.Castilla9@
